actuals,predictions
Nonprofits & Activism,Horror
Shows,Shows
News & Politics,Action/Adventure
People & Blogs,Family
Music,Music
Entertainment,Family
Travel & Events,Shows
Autos & Vehicles,Autos & Vehicles
Autos & Vehicles,Autos & Vehicles
Comedy,Classics
Pets & Animals,Pets & Animals
Pets & Animals,Drama
Science & Technology,Autos & Vehicles
Entertainment,Family
Nonprofits & Activism,Sports
Comedy,Classics
Science & Technology,Sci-Fi/Fantasy
Pets & Animals,Entertainment
Gaming,Gaming
Autos & Vehicles,Autos & Vehicles
Science & Technology,Family
Gaming,Gaming
Comedy,Sports
Music,Music
Comedy,Entertainment
Film & Animation,Drama
Entertainment,Music
People & Blogs,Foreign
Music,Music
Shows,Shows
Sports,Drama
Science & Technology,Entertainment
Shows,Gaming
Nonprofits & Activism,Movies
Education,Sports
Music,Music
Travel & Events,Entertainment
Autos & Vehicles,Science & Technology
Sports,Sports
Sports,Shows
Comedy,Horror
Music,Music
Sports,Sports
Music,Music
How to & Style,Family
People & Blogs,Entertainment
Nonprofits & Activism,Shows
Autos & Vehicles,Sports
Sports,Sports
Education,Shows
How to & Style,Pets & Animals
News & Politics,Documentary
Music,Music
Science & Technology,Science & Technology
Science & Technology,Shows
People & Blogs,Shows
Pets & Animals,Documentary
Nonprofits & Activism,Shows
Education,Sci-Fi/Fantasy
Gaming,Shows
Sports,Sports
Sports,Sports
Gaming,Gaming
Shows,Gaming
Entertainment,Drama
News & Politics,Horror
How to & Style,Science & Technology
Pets & Animals,Pets & Animals
Education,Shows
Shows,Shows
Gaming,Gaming
Nonprofits & Activism,Sci-Fi/Fantasy
People & Blogs,Shows
Entertainment,Horror
Pets & Animals,Pets & Animals
Pets & Animals,Action/Adventure
Entertainment,Sports
Education,Science & Technology
Pets & Animals,Pets & Animals
Music,Music
How to & Style,Classics
Science & Technology,Autos & Vehicles
Entertainment,Movies
Film & Animation,Comedy
Science & Technology,Family
Film & Animation,Trailers
Nonprofits & Activism,Shows
People & Blogs,Shows
Science & Technology,Music
Education,Horror
Education,Family
How to & Style,Pets & Animals
Gaming,Shorts
Comedy,Comedy
Gaming,Science & Technology
Science & Technology,Entertainment
Comedy,Entertainment
Film & Animation,How to & Style
Science & Technology,Family
Science & Technology,Shows
Science & Technology,Family
Travel & Events,Travel & Events
People & Blogs,Anime/Animation
Travel & Events,Entertainment
How to & Style,Family
Pets & Animals,Drama
News & Politics,Sports
Pets & Animals,Pets & Animals
Education,Shows
People & Blogs,Foreign
Comedy,Entertainment
Sports,Sports
People & Blogs,Travel & Events
Sports,Sports
Film & Animation,Gaming
Entertainment,Entertainment
Travel & Events,Documentary
Pets & Animals,Documentary
Science & Technology,Shows
Science & Technology,Science & Technology
Music,Music
Education,Movies
Pets & Animals,Action/Adventure
Film & Animation,Horror
Comedy,Action/Adventure
Entertainment,Drama
Comedy,Drama
Film & Animation,Horror
Comedy,Foreign
Science & Technology,Music
Travel & Events,Entertainment
Entertainment,Anime/Animation
People & Blogs,Film & Animation
Sports,Drama
Sports,Horror
Music,Music
News & Politics,Autos & Vehicles
Music,Music
Education,Shows
Travel & Events,Travel & Events
Pets & Animals,Horror
Sports,Sports
Travel & Events,Entertainment
Gaming,Gaming
Entertainment,Anime/Animation
Entertainment,Drama
How to & Style,Anime/Animation
Autos & Vehicles,Science & Technology
Music,Music
Pets & Animals,Pets & Animals
Autos & Vehicles,Science & Technology
Sports,Sports
Sports,Sports
Shows,Shows
How to & Style,Science & Technology
Pets & Animals,Pets & Animals
Entertainment,Shows
Film & Animation,Horror
Entertainment,Shows
Comedy,Classics
Pets & Animals,Comedy
Film & Animation,Trailers
Autos & Vehicles,Sports
Autos & Vehicles,Autos & Vehicles
Pets & Animals,Sports
Education,Videoblogging
Sports,Sports
Science & Technology,Science & Technology
Gaming,Science & Technology
Comedy,Music
People & Blogs,Shows
Comedy,Horror
Sports,Sports
News & Politics,Horror
Gaming,Sci-Fi/Fantasy
Film & Animation,Gaming
Music,Music
Autos & Vehicles,Autos & Vehicles
Pets & Animals,Pets & Animals
Nonprofits & Activism,Sci-Fi/Fantasy
Sports,Sports
People & Blogs,Shows
People & Blogs,Family
Comedy,Comedy
Music,Music
Pets & Animals,Drama
People & Blogs,Horror
Sports,Sports
Science & Technology,Shows
Gaming,Sci-Fi/Fantasy
People & Blogs,Entertainment
Travel & Events,Classics
Sports,Entertainment
Gaming,Music
Science & Technology,Shows
Travel & Events,Horror
Travel & Events,Entertainment
Music,Entertainment
Film & Animation,Entertainment
Gaming,Entertainment
Entertainment,Music
Pets & Animals,Entertainment
Film & Animation,Comedy
News & Politics,Shows
Education,Horror
Science & Technology,Family
Travel & Events,Classics
Education,Science & Technology
Autos & Vehicles,Autos & Vehicles
Film & Animation,Comedy
Education,Autos & Vehicles
Autos & Vehicles,Autos & Vehicles
News & Politics,Foreign
Science & Technology,Shows
How to & Style,Sci-Fi/Fantasy
Science & Technology,Family
Sports,Drama
Sports,Sports
Education,Science & Technology
Autos & Vehicles,Horror
Shows,Gaming
Autos & Vehicles,Autos & Vehicles
How to & Style,Entertainment
People & Blogs,Shows
Gaming,Music
News & Politics,Shows
Autos & Vehicles,Action/Adventure
Film & Animation,Entertainment
Travel & Events,Classics
Pets & Animals,Pets & Animals
Travel & Events,Horror
Sports,Sports
Comedy,Horror
Education,Sci-Fi/Fantasy
How to & Style,Entertainment
Sports,Sports
Shows,Gaming
Education,Shows
Sports,Sports
How to & Style,Horror
Autos & Vehicles,Autos & Vehicles
Science & Technology,Shows
Nonprofits & Activism,Entertainment
How to & Style,Shows
Pets & Animals,Horror
People & Blogs,Entertainment
Film & Animation,Movies
Autos & Vehicles,Science & Technology
Education,Autos & Vehicles
Sports,Sports
How to & Style,Classics
Film & Animation,Anime/Animation
Autos & Vehicles,Entertainment
People & Blogs,Family
Shows,Gaming
Gaming,Gaming
Nonprofits & Activism,Shows
Comedy,Drama
Science & Technology,Foreign
Film & Animation,Movies
Entertainment,Shows
How to & Style,Shows
Music,Music
People & Blogs,Entertainment
Sports,Sports
Education,Movies
News & Politics,Music
Education,Movies
Pets & Animals,Pets & Animals
People & Blogs,Shows
News & Politics,Sports
Comedy,Shows
Gaming,Gaming
Music,Music
Science & Technology,Science & Technology
Education,Horror
Shows,Gaming
How to & Style,Shows
Gaming,Gaming
Science & Technology,Family
Pets & Animals,Pets & Animals
Gaming,Sci-Fi/Fantasy
News & Politics,Foreign
Sports,Drama
Science & Technology,Family
How to & Style,Entertainment
Comedy,Entertainment
Autos & Vehicles,Sports
Travel & Events,Foreign
How to & Style,Action/Adventure
Pets & Animals,Pets & Animals
Comedy,Shows
Sports,Sports
How to & Style,Entertainment
Autos & Vehicles,Autos & Vehicles
Comedy,Shows
News & Politics,Horror
Science & Technology,Shows
Gaming,Shows
Music,Music
Education,Sci-Fi/Fantasy
Entertainment,Sci-Fi/Fantasy
Entertainment,Horror
News & Politics,Action/Adventure
Gaming,Sci-Fi/Fantasy
People & Blogs,Travel & Events
Comedy,Action/Adventure
Sports,Shows
Autos & Vehicles,Autos & Vehicles
News & Politics,Shows
Music,Music
Science & Technology,Horror
Nonprofits & Activism,Shows
Entertainment,Sci-Fi/Fantasy
News & Politics,Foreign
How to & Style,Action/Adventure
Sports,Sports
Film & Animation,Film & Animation
Education,Science & Technology
People & Blogs,Film & Animation
Comedy,Horror
Comedy,Anime/Animation
Autos & Vehicles,Autos & Vehicles
Shows,Gaming
Education,Sci-Fi/Fantasy
Pets & Animals,Pets & Animals
Science & Technology,Science & Technology
Autos & Vehicles,Entertainment
Comedy,Drama
How to & Style,Science & Technology
Shows,Shows
Autos & Vehicles,Foreign
People & Blogs,Shows
News & Politics,News & Politics
Entertainment,Shows
Gaming,Gaming
People & Blogs,Travel & Events
People & Blogs,Shows
Music,Music
People & Blogs,Foreign
Film & Animation,Trailers
News & Politics,Shows
How to & Style,Science & Technology
Pets & Animals,Documentary
Gaming,Sci-Fi/Fantasy
Sports,Documentary
People & Blogs,Shows
Music,Music
People & Blogs,Entertainment
News & Politics,Shows
Pets & Animals,Comedy
How to & Style,Shows
Nonprofits & Activism,Entertainment
Education,Autos & Vehicles
Autos & Vehicles,Science & Technology
Autos & Vehicles,Autos & Vehicles
Film & Animation,How to & Style
People & Blogs,Shows
People & Blogs,How to & Style
Film & Animation,Family
Pets & Animals,Drama
Entertainment,Entertainment
News & Politics,Shows
People & Blogs,Film & Animation
News & Politics,Drama
Sports,Documentary
Travel & Events,Horror
Film & Animation,Entertainment
Autos & Vehicles,Foreign
Sports,Drama
Nonprofits & Activism,Sci-Fi/Fantasy
Comedy,Action/Adventure
Entertainment,Family
Autos & Vehicles,Horror
Education,Shows
Music,Music
Travel & Events,Classics
Music,Music
Film & Animation,Entertainment
People & Blogs,How to & Style
News & Politics,Horror
Film & Animation,Sci-Fi/Fantasy
Travel & Events,Horror
Science & Technology,Family
Travel & Events,Horror
Gaming,Gaming
How to & Style,Action/Adventure
How to & Style,Shows
How to & Style,Entertainment
Music,Music
Pets & Animals,Action/Adventure
Music,Music
Shows,Gaming
Nonprofits & Activism,Shows
Film & Animation,Sci-Fi/Fantasy
Pets & Animals,Family
Gaming,Gaming
Gaming,Sci-Fi/Fantasy
Sports,Sports
News & Politics,Music
Sports,Drama
Entertainment,Science & Technology
Nonprofits & Activism,Entertainment
Entertainment,Entertainment
Science & Technology,Entertainment
Music,Drama
Sports,Sports
Gaming,Shorts
News & Politics,Sports
Film & Animation,Sci-Fi/Fantasy
Education,Sci-Fi/Fantasy
Film & Animation,Trailers
Autos & Vehicles,Foreign
Entertainment,Anime/Animation
People & Blogs,Film & Animation
Education,Sci-Fi/Fantasy
Education,Movies
Shows,Gaming
How to & Style,Shows
Sports,Sports
People & Blogs,Entertainment
Travel & Events,Horror
Comedy,Comedy
Education,Entertainment
Science & Technology,Sci-Fi/Fantasy
Gaming,Music
People & Blogs,Film & Animation
How to & Style,Entertainment
People & Blogs,Foreign
Pets & Animals,Pets & Animals
Film & Animation,Movies
Sports,Sports
Autos & Vehicles,Family
Shows,Gaming
Sports,Sports
News & Politics,Horror
Nonprofits & Activism,Sci-Fi/Fantasy
Autos & Vehicles,Sports
Comedy,Comedy
Music,Music
Gaming,Gaming
Shows,Gaming
Travel & Events,Horror
Entertainment,Science & Technology
Travel & Events,Horror
Comedy,Classics
Comedy,Comedy
People & Blogs,Family
How to & Style,Anime/Animation
People & Blogs,Horror
Comedy,Shows
Pets & Animals,Sports
Music,Foreign
Autos & Vehicles,Sports
Autos & Vehicles,Autos & Vehicles
Sports,Drama
Science & Technology,Shows
Entertainment,Shows
Gaming,Music
Pets & Animals,Action/Adventure
Travel & Events,Classics
Entertainment,Documentary
Sports,Sports
Education,Sci-Fi/Fantasy
Sports,Sports
News & Politics,Horror
Autos & Vehicles,Autos & Vehicles
People & Blogs,Shows
Film & Animation,Film & Animation
How to & Style,Sci-Fi/Fantasy
Music,Music
Travel & Events,Foreign
Sports,Sports
Film & Animation,Drama
News & Politics,Horror
Travel & Events,Entertainment
Education,Horror
Gaming,Music
Gaming,Music
Education,Shows
How to & Style,Drama
Music,Music
Shows,Gaming
Film & Animation,Music
Shows,Shows
People & Blogs,Horror
Science & Technology,Sci-Fi/Fantasy
People & Blogs,How to & Style
Comedy,Shows
Education,Sci-Fi/Fantasy
Music,Music
Science & Technology,Music
People & Blogs,Entertainment
News & Politics,Foreign
Autos & Vehicles,Autos & Vehicles
Entertainment,Music
Autos & Vehicles,Science & Technology
How to & Style,Action/Adventure
Music,Music
Travel & Events,Entertainment
Music,Music
Travel & Events,Entertainment
Sports,Sports
Shows,Gaming
Science & Technology,Shows
Travel & Events,Foreign
Travel & Events,Family
Nonprofits & Activism,Shows
Comedy,Shows
Film & Animation,Family
Science & Technology,Shows
Travel & Events,Family
People & Blogs,Shows
How to & Style,Shows
Comedy,Horror
Travel & Events,Family
Comedy,Drama
News & Politics,Travel & Events
News & Politics,Sports
Music,Music
Travel & Events,Horror
Travel & Events,Entertainment
Sports,Family
News & Politics,News & Politics
Sports,Sports
Education,Science & Technology
Travel & Events,Travel & Events
Gaming,Music
People & Blogs,Foreign
Music,Music
Science & Technology,Science & Technology
Travel & Events,Entertainment
Nonprofits & Activism,Sci-Fi/Fantasy
Science & Technology,Sci-Fi/Fantasy
Film & Animation,Trailers
Gaming,Sci-Fi/Fantasy
Pets & Animals,Pets & Animals
Travel & Events,Travel & Events
People & Blogs,Foreign
Travel & Events,Foreign
Education,Autos & Vehicles
Gaming,Music
Comedy,Sports
Travel & Events,Entertainment
Nonprofits & Activism,Shows
How to & Style,Entertainment
How to & Style,Action/Adventure
Education,Sci-Fi/Fantasy
Nonprofits & Activism,Shows
Music,Entertainment
Nonprofits & Activism,Sci-Fi/Fantasy
News & Politics,Action/Adventure
Film & Animation,Anime/Animation
Sports,Sports
Autos & Vehicles,Entertainment
Science & Technology,Science & Technology
Gaming,Gaming
Science & Technology,Family
Sports,Sports
Entertainment,Action/Adventure
Nonprofits & Activism,Sports
Education,Sports
Travel & Events,Gaming
Gaming,Gaming
Nonprofits & Activism,Shows
Gaming,Gaming
Science & Technology,Horror
Pets & Animals,Drama
Entertainment,Music
Comedy,Drama
Travel & Events,Shows
Entertainment,Comedy
News & Politics,Sports
Comedy,Horror
Entertainment,Entertainment
How to & Style,Pets & Animals
People & Blogs,Shows
News & Politics,Shows
Entertainment,Foreign
Gaming,Music
People & Blogs,Shows
Science & Technology,Foreign
Gaming,Gaming
How to & Style,Shows
How to & Style,Shows
News & Politics,Music
Entertainment,Music
Comedy,Horror
Gaming,Gaming
How to & Style,Sci-Fi/Fantasy
Comedy,Classics
Entertainment,Anime/Animation
Film & Animation,Sci-Fi/Fantasy
Education,Science & Technology
Education,Science & Technology
Nonprofits & Activism,Entertainment
Gaming,Sci-Fi/Fantasy
Film & Animation,Anime/Animation
People & Blogs,Horror
Shows,Shows
Shows,Gaming
Pets & Animals,Pets & Animals
People & Blogs,Shows
Education,Science & Technology
Travel & Events,Entertainment
Entertainment,Entertainment
Pets & Animals,Horror
People & Blogs,Entertainment
Shows,Music
Autos & Vehicles,Autos & Vehicles
Nonprofits & Activism,Shows
Film & Animation,Drama
People & Blogs,Travel & Events
Nonprofits & Activism,Sci-Fi/Fantasy
People & Blogs,Shows
How to & Style,Pets & Animals
Entertainment,Anime/Animation
People & Blogs,Shows
Pets & Animals,Pets & Animals
Autos & Vehicles,Drama
How to & Style,Classics
Pets & Animals,Pets & Animals
Travel & Events,Gaming
Gaming,Gaming
Music,Anime/Animation
Autos & Vehicles,Autos & Vehicles
Travel & Events,Documentary
Autos & Vehicles,Entertainment
Nonprofits & Activism,Action/Adventure
How to & Style,Action/Adventure
Music,Music
Sports,Sports
Sports,Sports
Shows,Gaming
Science & Technology,Foreign
Pets & Animals,Comedy
News & Politics,Foreign
Gaming,Sci-Fi/Fantasy
News & Politics,Horror
Entertainment,Horror
Film & Animation,Horror
Education,Shows
Shows,Gaming
Entertainment,Entertainment
How to & Style,Science & Technology
Pets & Animals,Pets & Animals
Music,Music
Film & Animation,Trailers
How to & Style,Shows
Nonprofits & Activism,Horror
Pets & Animals,Horror
Education,Sci-Fi/Fantasy
Education,Sci-Fi/Fantasy
Film & Animation,Movies
Travel & Events,Classics
Nonprofits & Activism,Shows
Music,Music
Music,Music
People & Blogs,Shows
Pets & Animals,Comedy
Travel & Events,Horror
Autos & Vehicles,Foreign
Gaming,Gaming
Gaming,Sci-Fi/Fantasy
Entertainment,Music
Sports,Sports
How to & Style,Shows
Autos & Vehicles,Autos & Vehicles
Autos & Vehicles,Autos & Vehicles
Entertainment,Drama
Music,Drama
How to & Style,Action/Adventure
Entertainment,Shows
Gaming,Gaming
Travel & Events,Entertainment
People & Blogs,Entertainment
Entertainment,Movies
Science & Technology,Horror
Nonprofits & Activism,Entertainment
Science & Technology,Shows
Travel & Events,Classics
Music,Music
Sports,Sports
Gaming,Gaming
Film & Animation,Film & Animation
Gaming,Sci-Fi/Fantasy
News & Politics,Horror
Education,Autos & Vehicles
Science & Technology,Family
Sports,Drama
Travel & Events,Entertainment
Education,Science & Technology
Music,Music
Education,Horror
Music,Music
Film & Animation,Movies
Autos & Vehicles,Action/Adventure
How to & Style,Horror
Entertainment,Documentary
How to & Style,Foreign
Music,Music
Shows,Gaming
People & Blogs,Entertainment
Travel & Events,Horror
News & Politics,Horror
Entertainment,Action/Adventure
Gaming,Gaming
Education,Science & Technology
Travel & Events,Entertainment
How to & Style,Action/Adventure
How to & Style,Entertainment
Nonprofits & Activism,Drama
Sports,Sports
Autos & Vehicles,Autos & Vehicles
Travel & Events,Foreign
Film & Animation,Family
Entertainment,Entertainment
Autos & Vehicles,Foreign
Entertainment,Action/Adventure
Film & Animation,Family
Sports,Sports
Entertainment,Movies
Shows,Music
Education,Horror
Gaming,Sci-Fi/Fantasy
Education,Shows
Nonprofits & Activism,Movies
News & Politics,Horror
Sports,Sports
News & Politics,Foreign
Nonprofits & Activism,Horror
Science & Technology,Shows
Film & Animation,Trailers
Gaming,Sci-Fi/Fantasy
Science & Technology,Shows
Pets & Animals,Pets & Animals
Pets & Animals,Pets & Animals
Nonprofits & Activism,Movies
Entertainment,Entertainment
Comedy,Entertainment
Film & Animation,Entertainment
People & Blogs,Foreign
People & Blogs,Shows
Comedy,Entertainment
Pets & Animals,Drama
Comedy,Music
Film & Animation,Music
Gaming,Gaming
Shows,Gaming
Autos & Vehicles,Family
Shows,Gaming
Science & Technology,Science & Technology
Comedy,Anime/Animation
How to & Style,Horror
Education,Family
Science & Technology,Foreign
Pets & Animals,Drama
Comedy,Horror
People & Blogs,Action/Adventure
Travel & Events,Foreign
Education,Horror
Entertainment,Entertainment
Entertainment,Movies
Autos & Vehicles,Entertainment
Autos & Vehicles,Sports
Travel & Events,Documentary
Sports,Horror
News & Politics,Documentary
Gaming,Gaming
Film & Animation,Music
Music,Music
News & Politics,News & Politics
Comedy,Horror
News & Politics,Sports
Science & Technology,Shows
Science & Technology,Family
Sports,Drama
Science & Technology,Family
How to & Style,Shows
How to & Style,How to & Style
Science & Technology,Foreign
Film & Animation,Gaming
People & Blogs,Entertainment
Science & Technology,Foreign
Travel & Events,Entertainment
Travel & Events,Action/Adventure
Entertainment,Shows
How to & Style,Shows
Film & Animation,Horror
Science & Technology,Foreign
Film & Animation,Music
Film & Animation,Sci-Fi/Fantasy
Entertainment,Drama
Science & Technology,Science & Technology
Comedy,Comedy
Film & Animation,Entertainment
Education,Videoblogging
Comedy,Horror
Gaming,Shows
Comedy,Comedy
Travel & Events,Travel & Events
Gaming,Gaming
Travel & Events,Travel & Events
News & Politics,Action/Adventure
Gaming,Gaming
Entertainment,Entertainment
Travel & Events,Entertainment
Sports,Sports
Music,Entertainment
Music,Music
Travel & Events,Foreign
Comedy,Anime/Animation
Music,Music
Music,Music
Music,Music
Entertainment,Entertainment
Pets & Animals,Entertainment
Entertainment,Autos & Vehicles
Film & Animation,Comedy
Nonprofits & Activism,Shows
Shows,Gaming
Music,Music
Science & Technology,Horror
Shows,Gaming
News & Politics,Music
Shows,Music
Education,Entertainment
Comedy,Entertainment
Gaming,Shorts
Shows,Gaming
How to & Style,Drama
Sports,Horror
Film & Animation,Sci-Fi/Fantasy
Entertainment,Music
Sports,Shows
News & Politics,News & Politics
Gaming,Gaming
Comedy,Comedy
Shows,Gaming
Sports,Shows
Travel & Events,Shows
Comedy,Foreign
Shows,Gaming
People & Blogs,Entertainment
Comedy,Foreign
Autos & Vehicles,Foreign
Sports,Sports
Entertainment,Shows
Music,Foreign
Entertainment,Entertainment
Film & Animation,Sci-Fi/Fantasy
News & Politics,Science & Technology
Autos & Vehicles,Shows
Pets & Animals,Entertainment
Travel & Events,Classics
Nonprofits & Activism,Entertainment
Science & Technology,Sci-Fi/Fantasy
Pets & Animals,Entertainment
Gaming,Gaming
News & Politics,Sports
Education,Sci-Fi/Fantasy
Film & Animation,Trailers
Entertainment,Movies
Entertainment,Entertainment
Travel & Events,Family
Comedy,Shows
How to & Style,Gaming
Entertainment,Sci-Fi/Fantasy
Nonprofits & Activism,Sports
Travel & Events,Entertainment
Gaming,Gaming
Gaming,Gaming
Science & Technology,Science & Technology
Sports,Sports
Pets & Animals,Pets & Animals
News & Politics,Shows
Sports,Entertainment
Nonprofits & Activism,Foreign
Shows,Gaming
People & Blogs,Science & Technology
Gaming,Science & Technology
Education,Videoblogging
Autos & Vehicles,Horror
Autos & Vehicles,Horror
Education,Family
How to & Style,Drama
News & Politics,Shows
Music,Music
Music,Anime/Animation
Entertainment,Sports
People & Blogs,Entertainment
Autos & Vehicles,Entertainment
Music,Music
News & Politics,Shows
Sports,Sports
How to & Style,Shows
People & Blogs,Family
Entertainment,Shows
Shows,Gaming
How to & Style,Shows
Education,Horror
Travel & Events,Action/Adventure
Science & Technology,Science & Technology
Travel & Events,Classics
People & Blogs,Family
Pets & Animals,Pets & Animals
Pets & Animals,Pets & Animals
Pets & Animals,Pets & Animals
News & Politics,Sports
Travel & Events,Gaming
Music,Documentary
Music,Music
Science & Technology,Shows
Autos & Vehicles,Autos & Vehicles
Science & Technology,Science & Technology
People & Blogs,Horror
Sports,Sports
Comedy,Shows
Entertainment,Sci-Fi/Fantasy
How to & Style,Gaming
Education,Entertainment
News & Politics,Documentary
Sports,Sports
Shows,Gaming
Film & Animation,Sci-Fi/Fantasy
News & Politics,Sports
People & Blogs,Entertainment
Autos & Vehicles,Autos & Vehicles
Sports,Sports
Education,Shows
Education,Entertainment
Pets & Animals,Family
How to & Style,Action/Adventure
Travel & Events,Entertainment
Autos & Vehicles,Science & Technology
Music,Music
Comedy,Horror
Autos & Vehicles,Autos & Vehicles
Gaming,Shows
Autos & Vehicles,Drama
Entertainment,Action/Adventure
How to & Style,Shows
Music,Music
Nonprofits & Activism,Sports
News & Politics,Action/Adventure
Autos & Vehicles,Family
Education,Shows
Entertainment,Entertainment
Film & Animation,Music
Music,Music
Pets & Animals,Pets & Animals
Shows,Shows
Travel & Events,Family
Pets & Animals,Entertainment
Film & Animation,Documentary
Travel & Events,Classics
Sports,Sports
Autos & Vehicles,Shows
Comedy,Foreign
Comedy,Comedy
Education,Science & Technology
Gaming,Shows
Pets & Animals,Sports
News & Politics,News & Politics
Comedy,Action/Adventure
Sports,Sports
Entertainment,Sports
News & Politics,Shows
Nonprofits & Activism,Shows
Film & Animation,Anime/Animation
How to & Style,Entertainment
Nonprofits & Activism,Horror
Film & Animation,Entertainment
People & Blogs,Entertainment
Sports,Drama
Autos & Vehicles,Shows
Education,Science & Technology
Entertainment,Entertainment
Gaming,Gaming
Sports,Sports
Film & Animation,Horror
Film & Animation,Horror
Film & Animation,Movies
How to & Style,Anime/Animation
Autos & Vehicles,Entertainment
Autos & Vehicles,Entertainment
Autos & Vehicles,Shows
Autos & Vehicles,Autos & Vehicles
Gaming,Gaming
People & Blogs,Shows
Music,Music
Sports,Sports
Education,Family
Music,Music
Film & Animation,Horror
News & Politics,News & Politics
Nonprofits & Activism,Foreign
Pets & Animals,Entertainment
Sports,Sports
News & Politics,Music
Travel & Events,Travel & Events
Music,Music
Gaming,Gaming
News & Politics,Shows
News & Politics,Shows
Travel & Events,Travel & Events
Pets & Animals,Sports
How to & Style,Science & Technology
Film & Animation,Sci-Fi/Fantasy
Music,Music
Education,Shows
Science & Technology,Science & Technology
People & Blogs,Shorts
Science & Technology,Family
Travel & Events,Travel & Events
People & Blogs,Shows
Entertainment,Sports
Science & Technology,Family
Nonprofits & Activism,Sci-Fi/Fantasy
Comedy,Shows
Gaming,Sci-Fi/Fantasy
People & Blogs,Entertainment
Autos & Vehicles,Autos & Vehicles
News & Politics,Sports
Film & Animation,Entertainment
Travel & Events,Horror
News & Politics,Travel & Events
Film & Animation,Comedy
News & Politics,Drama
Music,Sci-Fi/Fantasy
Gaming,Gaming
Film & Animation,Comedy
Pets & Animals,Documentary
Autos & Vehicles,Shows
Entertainment,Music
Film & Animation,Entertainment
Travel & Events,Documentary
Film & Animation,Movies
Autos & Vehicles,Autos & Vehicles
Comedy,Action/Adventure
Entertainment,Pets & Animals
News & Politics,Shows
How to & Style,Videoblogging
Entertainment,Shows
Sports,Action/Adventure
Autos & Vehicles,Entertainment
How to & Style,Entertainment
Travel & Events,Travel & Events
Entertainment,Action/Adventure
Comedy,Action/Adventure
Gaming,Music
Autos & Vehicles,Autos & Vehicles
Education,Family
Travel & Events,Entertainment
Travel & Events,Entertainment
Comedy,Shows
Shows,Shows
Travel & Events,Classics
Education,Sci-Fi/Fantasy
Sports,Sports
Gaming,Gaming
Comedy,Anime/Animation
How to & Style,Videoblogging
People & Blogs,Shorts
Travel & Events,Horror
Science & Technology,Shows
Pets & Animals,Entertainment
People & Blogs,Shows
Shows,Gaming
Travel & Events,Entertainment
Entertainment,Entertainment
Music,Music
People & Blogs,Entertainment
Shows,Gaming
Autos & Vehicles,Shows
How to & Style,Foreign
Gaming,Gaming
Shows,Gaming
Film & Animation,Sci-Fi/Fantasy
Nonprofits & Activism,Entertainment
Pets & Animals,Documentary
News & Politics,Shows
Sports,Horror
How to & Style,Science & Technology
Education,Horror
Science & Technology,Autos & Vehicles
Autos & Vehicles,Sports
Shows,Gaming
Autos & Vehicles,Family
Travel & Events,Entertainment
Autos & Vehicles,Autos & Vehicles
Autos & Vehicles,Sports
Sports,Sports
News & Politics,Shows
Travel & Events,Action/Adventure
How to & Style,Classics
Education,Entertainment
People & Blogs,Entertainment
How to & Style,Classics
Pets & Animals,Comedy
Comedy,Action/Adventure
How to & Style,Entertainment
Science & Technology,Action/Adventure
Pets & Animals,Entertainment
Pets & Animals,Documentary
Autos & Vehicles,Sports
How to & Style,Family
News & Politics,Horror
Gaming,Gaming
Entertainment,Entertainment
News & Politics,Sports
Film & Animation,Trailers
Nonprofits & Activism,Shows
Education,Horror
News & Politics,Horror
Film & Animation,Entertainment
Film & Animation,Horror
Pets & Animals,Pets & Animals
Music,Music
Autos & Vehicles,Sports
Science & Technology,Foreign
Comedy,Foreign
News & Politics,Horror
Gaming,Music
Education,Shows
Autos & Vehicles,Entertainment
News & Politics,Sports
Science & Technology,Shows
Education,Shows
Film & Animation,Horror
Sports,Sports
Film & Animation,Entertainment
Shows,Gaming
Film & Animation,Gaming
Sports,Sports
People & Blogs,Family
Music,Music
Film & Animation,Family
Pets & Animals,Pets & Animals
Comedy,Entertainment
Education,Horror
Sports,Documentary
Comedy,Drama
Film & Animation,Entertainment
Sports,Drama
Education,Shows
Comedy,Family
Autos & Vehicles,Autos & Vehicles
Entertainment,Entertainment
Travel & Events,Entertainment
Education,Videoblogging
Pets & Animals,Pets & Animals
Film & Animation,Gaming
Gaming,Gaming
Gaming,Music
Pets & Animals,Entertainment
Education,Videoblogging
Comedy,Shows
Pets & Animals,Horror
Music,Music
News & Politics,Drama
Nonprofits & Activism,Horror
Shows,Gaming
Entertainment,Family
Music,Movies
News & Politics,Travel & Events
Science & Technology,Shows
Music,Entertainment
Music,Music
People & Blogs,Science & Technology
Comedy,Videoblogging
Pets & Animals,Pets & Animals
People & Blogs,Entertainment
Entertainment,Music
Pets & Animals,Action/Adventure
Comedy,Drama
Sports,Sports
Travel & Events,Film & Animation
Autos & Vehicles,Autos & Vehicles
Sports,Sports
Music,Entertainment
People & Blogs,Shows
Travel & Events,Family
Science & Technology,Science & Technology
News & Politics,Sports
Film & Animation,Documentary
News & Politics,Horror
Pets & Animals,Family
How to & Style,Drama
How to & Style,Shows
Shows,Shows
Comedy,Horror
Education,Autos & Vehicles
Comedy,Foreign
Science & Technology,Entertainment
Shows,Gaming
News & Politics,News & Politics
Autos & Vehicles,Drama
People & Blogs,Horror
News & Politics,Drama
People & Blogs,Horror
People & Blogs,Horror
Sports,Family
Science & Technology,Entertainment
Music,Music
News & Politics,Action/Adventure
Music,Music
People & Blogs,Shows
People & Blogs,Entertainment
How to & Style,Shows
Entertainment,Drama
Comedy,Shows
How to & Style,Shows
Gaming,Gaming
Comedy,Entertainment
How to & Style,Science & Technology
Science & Technology,Shows
How to & Style,Shows
Shows,Gaming
Music,Music
Science & Technology,Action/Adventure
Gaming,Entertainment
How to & Style,Pets & Animals
Pets & Animals,Action/Adventure
Education,Family
News & Politics,News & Politics
Travel & Events,Travel & Events
Education,Sci-Fi/Fantasy
Comedy,Shows
Music,Sci-Fi/Fantasy
How to & Style,Shows
Film & Animation,Movies
Gaming,Shows
Music,Music
Education,Shows
Film & Animation,How to & Style
Nonprofits & Activism,Shows
Pets & Animals,Documentary
Film & Animation,Gaming
Comedy,Family
Film & Animation,Entertainment
How to & Style,Anime/Animation
Science & Technology,Shows
Gaming,Music
People & Blogs,Foreign
Science & Technology,Family
Sports,Sports
Comedy,Horror
News & Politics,Trailers
Music,Music
Education,Movies
Science & Technology,Family
Sports,Sports
Shows,Music
Science & Technology,Shows
Music,Music
Comedy,Action/Adventure
Entertainment,Shows
Autos & Vehicles,Entertainment
Science & Technology,Science & Technology
Sports,Sports
Science & Technology,Horror
Autos & Vehicles,Family
Music,Music
Music,Music
Pets & Animals,Horror
Film & Animation,Film & Animation
Film & Animation,Movies
Pets & Animals,Pets & Animals
Entertainment,Family
Sports,Sports
Science & Technology,Shows
Gaming,Gaming
People & Blogs,Shows
Film & Animation,Horror
News & Politics,Documentary
Education,Shows
Gaming,Shorts
Music,Anime/Animation
Shows,Gaming
Education,Horror
Nonprofits & Activism,Horror
Entertainment,Classics
Education,Shows
Shows,Music
How to & Style,Entertainment
Gaming,Shorts
Education,Horror
Gaming,Gaming
Travel & Events,Foreign
Pets & Animals,Pets & Animals
Travel & Events,Family
Gaming,Sci-Fi/Fantasy
Travel & Events,Documentary
Comedy,Foreign
Music,Drama
Gaming,Sci-Fi/Fantasy
News & Politics,Documentary
Travel & Events,Foreign
Science & Technology,Sci-Fi/Fantasy
People & Blogs,Shows
Gaming,Sci-Fi/Fantasy
Entertainment,Autos & Vehicles
Pets & Animals,Pets & Animals
Travel & Events,Documentary
Autos & Vehicles,Autos & Vehicles
Music,Music
People & Blogs,Family
Pets & Animals,Pets & Animals
Shows,Gaming
Pets & Animals,Documentary
Education,Shows
Entertainment,Sports
Science & Technology,Entertainment
Education,Shows
Gaming,Gaming
Education,Sci-Fi/Fantasy
News & Politics,Music
Nonprofits & Activism,Movies
Entertainment,Entertainment
Film & Animation,Gaming
Film & Animation,Horror
Pets & Animals,Family
Sports,Sports
Entertainment,Comedy
How to & Style,Anime/Animation
Pets & Animals,Pets & Animals
Entertainment,Family
Comedy,Movies
Education,Entertainment
News & Politics,Shows
Film & Animation,Trailers
Autos & Vehicles,Horror
Music,Entertainment
How to & Style,Action/Adventure
Music,Foreign
Gaming,Gaming
Pets & Animals,Sports
Film & Animation,Sci-Fi/Fantasy
Shows,Gaming
Education,Sports
Education,Shows
People & Blogs,Horror
Autos & Vehicles,Action/Adventure
Autos & Vehicles,Autos & Vehicles
Travel & Events,Family
Comedy,Sports
Nonprofits & Activism,Horror
News & Politics,Autos & Vehicles
News & Politics,News & Politics
News & Politics,Science & Technology
Pets & Animals,Family
Pets & Animals,Pets & Animals
Gaming,Shorts
News & Politics,Documentary
Shows,Gaming
Comedy,Comedy
Science & Technology,Foreign
Pets & Animals,Entertainment
Sports,Documentary
Music,Movies
Education,Shows
Shows,Shows
Education,Shows
Comedy,Family
How to & Style,Drama
People & Blogs,Shows
Travel & Events,Entertainment
Sports,Sports
Science & Technology,Science & Technology
Education,Science & Technology
Entertainment,Music
Music,Foreign
Comedy,Foreign
Entertainment,Entertainment
People & Blogs,Foreign
Film & Animation,Entertainment
Music,Music
Science & Technology,Science & Technology
Music,Anime/Animation
Comedy,Anime/Animation
Nonprofits & Activism,Foreign
Sports,Sports
Entertainment,Sci-Fi/Fantasy
Music,Music
How to & Style,Horror
Sports,Sports
Education,Shows
Gaming,Music
Pets & Animals,Documentary
News & Politics,Sports
How to & Style,Classics
Gaming,Gaming
Travel & Events,Family
People & Blogs,Film & Animation
Autos & Vehicles,Shows
Nonprofits & Activism,Sci-Fi/Fantasy
People & Blogs,Shows
Education,Horror
Science & Technology,Entertainment
Sports,Drama
Gaming,Gaming
News & Politics,News & Politics
Science & Technology,Shows
Gaming,Shorts
Film & Animation,Family
How to & Style,Action/Adventure
Travel & Events,Entertainment
Entertainment,Shows
People & Blogs,Shows
Pets & Animals,Pets & Animals
Shows,Gaming
Science & Technology,Science & Technology
Travel & Events,Foreign
Nonprofits & Activism,Horror
Comedy,Horror
Entertainment,Entertainment
How to & Style,Action/Adventure
Comedy,Music
How to & Style,Shows
Science & Technology,Entertainment
Sports,Drama
People & Blogs,Shows
Film & Animation,Horror
Entertainment,Anime/Animation
Travel & Events,Foreign
Gaming,Gaming
Autos & Vehicles,Shows
Travel & Events,Foreign
Music,Music
Entertainment,Action/Adventure
Gaming,Gaming
Autos & Vehicles,Autos & Vehicles
Entertainment,Music
Pets & Animals,Action/Adventure
Pets & Animals,Pets & Animals
News & Politics,Entertainment
Music,Music
Comedy,Entertainment
Comedy,Foreign
Science & Technology,Horror
Gaming,Gaming
How to & Style,Shows
How to & Style,Drama
Autos & Vehicles,Entertainment
Music,Entertainment
News & Politics,News & Politics
Nonprofits & Activism,Shows
Autos & Vehicles,Autos & Vehicles
News & Politics,Shows
Film & Animation,Documentary
Music,Music
Pets & Animals,Pets & Animals
Music,Music
How to & Style,Entertainment
People & Blogs,Family
Entertainment,Shows
Gaming,Gaming
Education,Shows
News & Politics,Entertainment
How to & Style,Gaming
Comedy,Horror
Travel & Events,Travel & Events
Autos & Vehicles,Sports
Education,Sci-Fi/Fantasy
Science & Technology,Science & Technology
Pets & Animals,Pets & Animals
Science & Technology,Shows
Sports,Horror
Comedy,Entertainment
Comedy,Horror
How to & Style,Sci-Fi/Fantasy
Autos & Vehicles,Autos & Vehicles
Comedy,Entertainment
Science & Technology,Shows
People & Blogs,Entertainment
People & Blogs,Family
News & Politics,Sports
Travel & Events,Entertainment
Sports,Action/Adventure
People & Blogs,Entertainment
Autos & Vehicles,Entertainment
Film & Animation,Documentary
Autos & Vehicles,Horror
Gaming,Gaming
News & Politics,Foreign
Comedy,Entertainment
How to & Style,Entertainment
Nonprofits & Activism,Shows
Pets & Animals,Pets & Animals
Comedy,Action/Adventure
Music,Music
How to & Style,Shows
Sports,Drama
Shows,Gaming
How to & Style,Action/Adventure
Education,Videoblogging
Pets & Animals,Pets & Animals
Gaming,Gaming
Autos & Vehicles,Autos & Vehicles
Science & Technology,Sci-Fi/Fantasy
Nonprofits & Activism,Entertainment
News & Politics,Shows
Entertainment,Shows
News & Politics,Sports
Film & Animation,Film & Animation
Autos & Vehicles,Autos & Vehicles
Entertainment,Pets & Animals
Comedy,Entertainment
Nonprofits & Activism,Shows
Pets & Animals,Family
Pets & Animals,Comedy
Comedy,Shows
Pets & Animals,Action/Adventure
